Country/Region,Continent,Population,TotalCases,NewCases,TotalDeaths,NewDeaths,TotalRecovered,NewRecovered,ActiveCases,"Serious,Critical",Tot_Cases/1M_pop,Deaths/1M_pop,TotalTests,Tests/1M_pop,WHO_Region,MortalityRatio,RecoveryRatio,CasesPerPopulation,DeathsPer1M,CasesPer1M,DailyGrowthRateCases,DailyGrowthRateDeaths,DailyGrowthRateRecovered,DailyGrowthRateCases_MA7,DailyGrowthRateDeaths_MA7,DailyGrowthRateRecovered_MA7
USA,North America,331198130.0,5032179,656.0,162804.0,80.0,2576668.0,936.0,2292707.0,18296.0,15194.0,492.0,63139605.0,190640.0,Americas,3.2352585231964124,51.203822439543586,0.015193862960518527,491.56074643295847,15193.862960518527,0.013036102253119373,0.04913884179749883,0.03632598378991783,0.0,0.0,0.0
Brazil,South America,212710692.0,2917562,656.0,98644.0,80.0,2047660.0,936.0,771258.0,8318.0,13716.0,464.0,13206188.0,62085.0,Americas,3.3810421166713853,70.18394124957756,0.013716104125127852,463.7472572370739,13716.104125127853,0.0224845264642191,0.08109971209602206,0.04571071369270289,0.0,0.0,0.0
India,Asia,1381344997.0,2025409,656.0,41638.0,80.0,1377384.0,936.0,606387.0,8944.0,1466.0,30.0,22149351.0,16035.0,South-EastAsia,2.0557823135969078,68.005227586132,0.0014662586134519442,30.143085246936323,1466.2586134519443,0.0323885200470621,0.1921321869446179,0.06795490582147026,0.0,0.0,0.0
Russia,Europe,145940924.0,871894,656.0,14606.0,80.0,676357.0,936.0,180931.0,2300.0,5974.0,100.0,29716907.0,203623.0,Europe,1.675203637139377,77.5733059293905,0.005974294091765514,100.08159191865882,5974.294091765514,0.07523850376307212,0.5477201150212241,0.1383884546179015,0.0,0.0,0.0
South Africa,Africa,59381566.0,538184,656.0,9604.0,80.0,387316.0,936.0,141264.0,539.0,9063.0,162.0,3149807.0,53044.0,Africa,1.784519792487328,71.96720824104767,0.009063149328193871,161.7336935843019,9063.149328193871,0.12189139773757673,0.8329862557267805,0.2416631381094507,0.0,0.0,0.0
Mexico,North America,129066160.0,462690,6590.0,50517.0,819.0,308848.0,4140.0,103325.0,3987.0,3585.0,391.0,1056915.0,8189.0,Americas,10.918109317253451,66.75052410901468,0.0035849056019021564,391.4039125360203,3584.9056019021564,1.4242797553437507,1.6212364154641012,1.3404652126612444,0.0,0.0,0.0
Peru,South America,33016319.0,455409,656.0,20424.0,80.0,310337.0,936.0,124648.0,1426.0,13793.0,619.0,2493429.0,75521.0,Americas,4.484759853230832,68.14467873933103,0.013793451656436927,618.6031822626865,13793.451656436928,0.14404634076182068,0.39169604386995693,0.3016076072140931,0.2619093066243744,0.5308585101314574,0.31030228798668297
Chile,South America,19132514.0,366671,656.0,9889.0,80.0,340168.0,936.0,16614.0,1358.0,19165.0,517.0,1760615.0,92022.0,Americas,2.69696812674032,92.77199451279212,0.019164810228284687,516.8688234071069,19164.81022828469,0.17890697655391347,0.8089796743856811,0.2751581571458809,0.28560514581020213,0.6394072005011976,0.34442116989467764
Colombia,South America,50936262.0,357710,656.0,11939.0,80.0,192355.0,936.0,153416.0,1493.0,7023.0,234.0,1801835.0,35374.0,Americas,3.3376198596628557,53.774006877079195,0.007022698289089215,234.3909727808452,7022.698289089215,0.18338877861955213,0.6700728704246587,0.48660029632710355,0.30859146754667827,0.7235462231195743,0.4074053959853064
Spain,Europe,46756648.0,354530,656.0,28500.0,80.0,2178.0,936.0,899.0,617.0,7582.0,610.0,7064329.0,151087.0,Europe,8.038811948213127,0.614334470989761,0.0075824511628806235,609.5389900490728,7582.451162880623,0.18503370659746707,0.2807017543859649,42.97520661157025,0.33039792276816465,0.7361990184683381,6.537012782520846
Iran,Asia,84097623.0,320117,656.0,17976.0,80.0,277463.0,936.0,24678.0,4156.0,3806.0,214.0,2612763.0,31068.0,EasternMediterranean,5.615446852244648,86.67549677149292,0.003806492842253104,213.75158249121975,3806.492842253104,0.20492507426972012,0.4450378282153983,0.3373422762674663,0.34892457569768587,0.7215301203532203,6.565434757042212
UK,Europe,67922029.0,308134,656.0,46413.0,80.0,2178.0,936.0,899.0,73.0,4537.0,683.0,17515234.0,257873.0,Europe,15.06260263391901,0.7068353378724841,0.004536584147096077,683.3276432304459,4536.584147096078,0.21289439010300712,0.17236550104496584,42.97520661157025,0.36192500317846166,0.6271557268272467,12.670226681822326
Saudi Arabia,Asia,34865919.0,284226,656.0,3055.0,80.0,247089.0,936.0,34082.0,1915.0,8152.0,88.0,3635705.0,104277.0,EasternMediterranean,1.0748488878568463,86.93398914947964,0.008151972130721694,87.62138178546219,8151.972130721694,0.23080224891459614,2.618657937806874,0.37881087381469836,0.19142821654572525,0.769644515733357,12.532847490558535
Pakistan,Asia,221295851.0,281863,656.0,6035.0,80.0,256058.0,936.0,19770.0,809.0,1274.0,27.0,2058872.0,9304.0,EasternMediterranean,2.1411111071690856,90.84484306205496,0.001273693106880707,27.271184582669832,1273.693106880707,0.2327371808289843,1.3256006628003314,0.3655421818494248,0.20409833655532003,0.9030594612948392,12.541981001220723
Bangladesh,Asia,164851401.0,249651,656.0,3306.0,80.0,143824.0,936.0,102521.0,27.5,1514.0,20.0,1225124.0,7432.0,South-EastAsia,1.3242486511169593,57.61002359293573,0.0015144002324857402,20.05442465120451,1514.4002324857402,0.2627668224841879,2.4198427102238353,0.6507954166203137,0.21607831454535928,1.1331827521288613,12.595643466859928
Italy,Europe,60452568.0,249204,656.0,35187.0,80.0,201323.0,936.0,12694.0,42.0,4122.0,582.0,7099713.0,117443.0,Europe,14.119757307266337,80.78642397393301,0.004122306268279621,582.0596405433099,4122.306268279621,0.26323815027046116,0.22735669423366583,0.46492452427194114,0.2274853676383463,1.0699375841015766,12.592546927994906
Turkey,Asia,84428331.0,237265,656.0,5798.0,80.0,220546.0,936.0,10921.0,580.0,2810.0,69.0,5081802.0,60191.0,Europe,2.443681116051672,92.95344867553158,0.0028102533496723986,68.67363041915397,2810.2533496723986,0.27648410005689844,1.379786133149362,0.4244012586943314,0.24054970956112218,1.2269496382106333,6.513860449012632
Argentina,South America,45236884.0,228195,656.0,4251.0,80.0,99852.0,936.0,124092.0,1150.0,5044.0,94.0,794544.0,17564.0,Americas,1.8628804312101492,43.75731282455794,0.005044445590018976,93.97198975950687,5044.445590018976,0.2874734328096584,1.8819101387908728,0.9373873332532148,0.2523423322096848,1.4322171111499868,6.599581171439168
Germany,Europe,83811260.0,215210,656.0,9252.0,80.0,196200.0,936.0,9758.0,236.0,2568.0,110.0,8586648.0,102452.0,Europe,4.299056735281818,91.16676734352492,0.00256779339673452,110.39089497043715,2567.79339673452,0.30481854932391617,0.8646779074794639,0.47706422018348627,0.26547435495552896,1.531118883497772,0.5284179726696301
France,Europe,65288306.0,195633,656.0,30312.0,80.0,82460.0,936.0,82861.0,384.0,2996.0,464.0,3992206.0,61147.0,Europe,15.494318443207433,42.150352956811986,0.0029964477865301025,464.2791620294146,2996.4477865301023,0.3353217504204301,0.26392187912377935,1.1350958040261945,0.2804057123135052,1.1947280179716155,0.6364586769855581
Iraq,Asia,40306025.0,140603,656.0,5161.0,80.0,101025.0,936.0,34417.0,517.0,3488.0,128.0,1092741.0,27111.0,EasternMediterranean,3.6706186923465363,71.85124072743825,0.0034883866617956,128.04537286919262,3488.3866617956,0.46656187990298925,1.5500871924045727,0.9265033407572383,0.3138092407526488,1.226797522200793,0.7165959854009599
Philippines,Asia,109722719.0,119460,656.0,2150.0,80.0,66837.0,936.0,50473.0,239.0,1089.0,20.0,1669996.0,15220.0,WesternPacific,1.7997656119203083,55.94927172275238,0.0010887444376948042,19.59484799132621,1088.7444376948042,0.5491377867068474,3.7209302325581395,1.4004219219893173,0.3547193784987431,1.4126671682485508,0.8236854861679604
Indonesia,Asia,273808365.0,118753,656.0,5521.0,80.0,75645.0,936.0,37587.0,27.5,434.0,20.0,1633156.0,5965.0,South-EastAsia,4.649145705792695,63.69944338248297,0.0004337084442252157,20.163737510356924,433.70844422521566,0.5524070970838632,1.4490128599891323,1.2373587150505652,0.3960292280435147,1.5871894776421889,0.934033227707764
Canada,North America,37775022.0,118561,656.0,8966.0,80.0,103106.0,936.0,6489.0,2263.0,3139.0,237.0,4319172.0,114339.0,Americas,7.562351869501775,86.96451615624025,0.0031386083640136597,237.35260829232607,3138.60836401366,0.5533016759305337,0.8922596475574393,0.9078036195759703,0.43557459602546267,1.517542836843343,1.0030907078337123
Qatar,Asia,2807805.0,112092,656.0,178.0,80.0,108831.0,936.0,3083.0,77.0,39922.0,63.0,511000.0,181993.0,EasternMediterranean,0.15879813010741178,97.09078257145916,0.039921575750452756,63.39471580113291,39921.57575045276,0.5852335581486636,44.9438202247191,0.8600490669018938,0.47811175678817763,7.669244277690232,0.992042384069238
Kazakhstan,Asia,18798667.0,95942,656.0,1058.0,80.0,68871.0,936.0,26013.0,221.0,5104.0,56.0,2163713.0,115099.0,Europe,1.1027495778699632,71.78399449667508,0.005103659743533943,56.2805862777398,5103.659743533943,0.6837464301348731,7.561436672967864,1.3590625952868407,0.5322443111897429,8.625924101331433,1.1180421519411456
Egypt,Africa,102516525.0,95006,656.0,4951.0,80.0,48898.0,936.0,41157.0,41.0,927.0,48.0,135000.0,1317.0,EasternMediterranean,5.211249815801107,51.46832831610635,0.0009267383965658219,48.29465298399454,926.738396565822,0.6904827063553881,1.6158351848111492,1.9141887193750255,0.5829815906090225,8.819054573572485,1.2293411398481215
Ecuador,South America,17668824.0,90537,656.0,5877.0,80.0,71318.0,936.0,13342.0,378.0,5124.0,333.0,258582.0,14635.0,Americas,6.4912687630471515,78.7722146746634,0.005124110127533106,332.61976009269205,5124.110127533106,0.7245656471939649,1.36123872724179,1.3124316441851986,0.6198392716505906,8.792076221406374,1.2844737546235445
Bolivia,South America,11688459.0,86423,1282.0,3465.0,80.0,27373.0,936.0,55585.0,71.0,7394.0,296.0,183583.0,15706.0,Americas,4.00934936301679,31.673281418141002,0.007393874590311691,296.446263788922,7393.874590311691,1.483401409347049,2.3088023088023086,3.4194279034084683,0.7533055034563336,8.590343660869825,1.572903180540566
Sweden,Europe,10105596.0,81967,656.0,5766.0,80.0,2178.0,936.0,899.0,38.0,8111.0,571.0,863315.0,85429.0,Europe,7.034538289799554,2.6571669086339624,0.008111050550605823,570.5749566873641,8111.0505506058225,0.8003220808374102,1.387443635102324,42.97520661157025,0.7887219297068404,8.581548057314569,7.535452880043378
Oman,Asia,5118446.0,80713,656.0,492.0,80.0,70910.0,936.0,9311.0,177.0,15769.0,96.0,309212.0,60411.0,EasternMediterranean,0.6095672320444043,87.85449679729412,0.015769043963734304,96.12292480960042,15769.043963734304,0.812756309392539,16.260162601626014,1.3199830771400367,0.8257868773442697,10.77696276503865,7.594335659695388
Israel,Asia,9197590.0,79559,656.0,576.0,80.0,53427.0,936.0,25556.0,358.0,8650.0,63.0,1872453.0,203581.0,Europe,0.7239910003896479,67.1539360726002,0.008649983310845558,62.62510070572835,8649.983310845557,0.8245453059993213,13.88888888888889,1.7519231849065078,0.8599742698943637,6.340544002777193,7.721746247981762
Ukraine,Europe,43705858.0,76808,656.0,1819.0,80.0,42524.0,936.0,32465.0,158.0,1757.0,42.0,1116641.0,25549.0,Europe,2.3682428913654827,55.36402458077284,0.0017573845592963762,41.61913489949105,1757.3845592963762,0.8540777002395583,4.398020890599231,2.201109961433543,0.8843073084807472,5.888627462438817,7.842038728859862
Dominican Republic,North America,10858648.0,76536,656.0,1246.0,80.0,40539.0,936.0,34751.0,317.0,7048.0,115.0,281926.0,25963.0,Americas,1.6279920560259225,52.96723110693007,0.00704839129143886,114.74725030224758,7048.39129143886,0.8571129925786559,6.420545746388442,2.308887737734034,0.9081116350840713,6.575014685521287,7.89842430291115
Panama,North America,4321282.0,71418,656.0,1574.0,80.0,45658.0,936.0,24186.0,161.0,16527.0,364.0,240995.0,55769.0,Americas,2.203926181074799,63.930661737937214,0.01652703989232825,364.2437591436986,16527.03989232825,0.9185359433196113,5.082592121982211,2.0500240921634765,0.935821677387735,7.106636599055633,8.00379465262233
Belgium,Europe,11594739.0,71158,656.0,9859.0,80.0,17661.0,936.0,43638.0,61.0,6137.0,850.0,1767120.0,152407.0,Europe,13.855083054610867,24.819415947609542,0.006137093728457364,850.2994332170823,6137.093728457364,0.9218921273785099,0.8114413226493559,5.299813147613385,0.8556060656779437,6.892727886748069,8.272421116080176
Kuwait,Asia,4276658.0,70045,656.0,469.0,80.0,61610.0,936.0,7966.0,127.0,16378.0,110.0,522200.0,122105.0,EasternMediterranean,0.6695695624241559,87.95774145192377,0.016378443167538764,109.66507024877836,16378.443167538764,0.9365407952030838,17.057569296375267,1.519233890602175,0.875065882015897,9.131317266929916,2.3501392987990237
Belarus,Europe,9449001.0,68503,656.0,580.0,80.0,63756.0,936.0,4167.0,27.5,7250.0,61.0,1344303.0,142269.0,Europe,0.8466782476679853,93.07037647986219,0.007249761112312296,61.382150345840785,7249.761112312296,0.9576222939141352,13.793103448275861,1.4680971202710333,0.8957610226618394,8.778880245022751,2.371298447817737
UAE,Asia,9902079.0,61845,656.0,354.0,80.0,55739.0,936.0,5752.0,27.5,6246.0,36.0,5262658.0,531470.0,EasternMediterranean,0.57239873878244,90.1269302287978,0.006245658108766856,35.75006824324468,6245.6581087668565,1.0607163068962728,22.598870056497177,1.6792550996609197,0.9294997370756896,10.023163268966794,2.3609172927826534
Romania,Europe,19224023.0,57895,656.0,2566.0,80.0,28992.0,936.0,26337.0,458.0,3012.0,133.0,1319369.0,68631.0,Europe,4.4321616719924,50.07686328698506,0.003011596480091602,133.47882490569222,3011.5964800916017,1.1330857587010967,3.117692907248636,3.2284768211920527,0.9693580311416238,9.84025927134528,2.507683987033869
Netherlands,Europe,17138756.0,56982,656.0,6153.0,80.0,2178.0,936.0,899.0,37.0,3325.0,359.0,1079860.0,63007.0,Europe,10.798146783194692,3.8222596609455617,0.003324745389922116,359.0108873712888,3324.745389922116,1.1512407426906743,1.300178774581505,42.97520661157025,1.0113762811576263,9.10877827537286,8.317158111867615
Singapore,Asia,5854932.0,54555,656.0,27.0,80.0,48031.0,936.0,6497.0,27.5,9318.0,5.0,1474372.0,251817.0,WesternPacific,0.049491339015672264,88.04142608376867,0.009317785415782796,4.611496768877931,9317.785415782795,1.2024562368252223,296.2962962962963,1.948741437821407,1.0519363230869991,50.71073601456059,8.302689161247319
Guatemala,North America,17946899.0,54339,656.0,2119.0,80.0,42070.0,936.0,10150.0,5.0,3028.0,118.0,172712.0,9624.0,Americas,3.8995932939509377,77.42137323101271,0.0030277654095005493,118.07053686544957,3027.765409500549,1.207236055135354,3.7753657385559225,2.22486332303304,1.092699741337977,51.13415378826152,7.863410614878697
Portugal,Europe,10193593.0,52061,656.0,1743.0,80.0,37840.0,936.0,12478.0,42.0,5107.0,171.0,1705474.0,167308.0,Europe,3.3479956205220796,72.68396688500029,0.005107227647797984,170.98975797836937,5107.227647797984,1.2600603138625843,4.589787722317843,2.473572938689218,1.1389168154321914,49.353042134824754,7.999744764605418
Poland,Europe,37842302.0,49515,656.0,1774.0,80.0,35642.0,936.0,12099.0,72.0,1308.0,47.0,2374686.0,62752.0,Europe,3.582752701201656,71.98222760779561,0.0013084563407374107,46.87875489181393,1308.4563407374108,1.324851055235787,4.509582863585118,2.6261152572807362,1.1913780670495702,48.026824908440354,8.165175927035374
Nigeria,Africa,206606300.0,45244,656.0,930.0,80.0,32430.0,936.0,11884.0,7.0,219.0,5.0,306894.0,1485.0,Africa,2.055521174078331,71.67801255415083,0.00021898654590881303,4.5013148195384165,218.98654590881304,1.4499160109627796,8.60215053763441,2.8862164662349676,1.2469780247733568,46.02729354860282,8.337598979403097
Honduras,North America,9919704.0,45098,656.0,1423.0,80.0,6116.0,936.0,37559.0,52.0,4546.0,143.0,109292.0,11018.0,Americas,3.155350569870061,13.561577010066966,0.004546305010714029,143.45186106359625,4546.305010714029,1.4546099605304004,5.621925509486999,15.304120340091561,1.2929100536061144,46.38504106320829,10.062690910674457
Bahrain,Asia,1706669.0,42889,656.0,156.0,80.0,39945.0,936.0,2788.0,41.0,25130.0,91.0,876700.0,513691.0,EasternMediterranean,0.36372962764345174,93.13576907831845,0.02513023907975126,91.40612503068844,25130.23907975126,1.5295297162442585,51.28205128205128,2.3432219301539616,1.346951335542341,53.52530856427541,4.2581216704721285
Japan,Asia,126435859.0,42263,656.0,1026.0,80.0,28877.0,936.0,12360.0,115.0,334.0,8.0,938739.0,7425.0,WesternPacific,2.427655395972837,68.3269053309041,0.00033426434821785806,8.114786486324263,334.26434821785807,1.552185126469962,7.797270955165692,3.241333933580358,1.3969126054915895,12.311162086971038,4.442777741294836
Armenia,Asia,2963811.0,39819,656.0,772.0,80.0,31556.0,936.0,7491.0,27.5,13435.0,260.0,171600.0,57898.0,Europe,1.938772947587835,79.24859991461362,0.01343506721582449,260.4754486706474,13435.06721582449,1.6474547326653106,10.362694300518134,2.966155406261884,1.459800987995869,13.25220902439421,4.548676610327528
Ghana,Africa,31133483.0,39642,656.0,199.0,80.0,36384.0,936.0,3059.0,7.0,1273.0,6.0,405817.0,13035.0,Africa,0.5019928358811362,91.78144392311185,0.0012732915234700852,6.391832227701604,1273.2915234700852,1.6548105544624387,40.20100502512563,2.5725593667546174,1.5161938795101337,18.339525781938182,4.562817528622585
Kyrgyzstan,Asia,6534479.0,38659,656.0,1447.0,80.0,30099.0,936.0,7113.0,24.0,5916.0,221.0,267718.0,40970.0,Europe,3.7429835225949977,77.85767867766886,0.005916156437261486,221.44076061764068,5916.156437261487,1.6968881761038828,5.5286800276434,3.10973786504535,1.5693420396341475,18.48511109108936,4.631906472588958
Afghanistan,Asia,39009447.0,36896,656.0,1298.0,80.0,25840.0,936.0,9758.0,31.0,946.0,33.0,90396.0,2317.0,EasternMediterranean,3.5179965307892456,70.03469210754554,0.0009458221748183203,33.2739912975439,945.8221748183204,1.7779705117085862,6.163328197226503,3.6222910216718267,1.61620696831212,18.13670789960252,4.737059980508509
Switzerland,Europe,8660952.0,36108,656.0,1985.0,80.0,31600.0,936.0,2523.0,23.0,4169.0,229.0,822764.0,94997.0,Europe,5.497396698792512,87.51523208153318,0.004169056704159081,229.1895856252292,4169.056704159081,1.8167719065027141,4.030226700251889,2.962025316455696,1.6679443891653076,17.909322355426077,2.9739035485605285
Algeria,Africa,43926079.0,33626,656.0,1273.0,80.0,23238.0,936.0,9115.0,57.0,766.0,29.0,135702.0,32585.0,Africa,3.78576101825968,69.10723844644025,0.0007655133525576002,28.980506090698423,765.5133525576002,1.9508713495509427,6.284367635506677,4.027885360185903,1.7281360510662622,11.481081834491132,3.2145697528508057
Azerbaijan,Asia,10148243.0,33247,656.0,479.0,80.0,29275.0,936.0,3493.0,66.0,3276.0,47.0,766179.0,75499.0,Europe,1.4407314945709386,88.05305741871447,0.003276133612488388,47.20028875934485,3276.1336124883883,1.973110355821578,16.701461377870565,3.1972672929120414,1.788268226687922,12.753109037734687,3.208274518469618
Morocco,Africa,36953359.0,29644,656.0,449.0,80.0,20553.0,936.0,8642.0,31.0,802.0,12.0,1383816.0,37448.0,EasternMediterranean,1.514640399406288,69.3327486169208,0.0008022004170175707,12.15045160035384,802.2004170175708,2.21292673053569,17.817371937639198,4.554079696394687,1.8690499406694046,13.818062985894839,3.4351208456314466
Uzbekistan,Asia,33516027.0,28315,656.0,175.0,80.0,19291.0,936.0,8849.0,228.0,845.0,5.0,1377915.0,41112.0,Europe,0.6180469715698393,68.12996644887869,0.0008448197037196562,5.221382594064625,844.8197037196562,2.3167932191417977,45.714285714285715,4.852003524959826,1.963618892766456,14.605674512917707,3.760755725375048
Serbia,Europe,8733665.0,27332,656.0,621.0,80.0,14047.0,936.0,12664.0,120.0,3129.0,71.0,723137.0,82799.0,Europe,2.2720620518074055,51.393970437582325,0.0031294994712987045,71.10416989889124,3129.4994712987045,2.400117078881897,12.88244766505636,6.663344486367196,2.0640801645918865,15.656212746833843,4.268413814135312
Moldova,Europe,4032983.0,26628,656.0,828.0,80.0,18676.0,936.0,7124.0,362.0,6603.0,205.0,128076.0,31757.0,Europe,3.1095087877422265,70.13669821240799,0.006602556965898443,205.3070890702986,6602.556965898442,2.4635721796605075,9.66183574879227,5.011779824373527,2.1620232600135894,16.155999539914667,4.466912214521269
Ireland,Europe,4943200.0,26372,656.0,1768.0,80.0,23364.0,936.0,1240.0,5.0,5335.0,358.0,652917.0,132084.0,Europe,6.704080084938571,88.59396329440315,0.005335005664346981,357.6630522738307,5335.005664346982,2.487486728348248,4.524886877828054,4.006163328197227,2.25783966313438,16.226665279568405,4.616074787627203
Kenya,Africa,53881160.0,24411,656.0,399.0,80.0,10444.0,936.0,13568.0,44.0,453.0,7.0,335318.0,6223.0,Africa,1.6345090328130762,42.783990823808935,0.00045305260688522666,7.405185782934146,453.0526068852267,2.6873130965548317,20.050125313283207,8.962083492914592,2.3630456269920788,18.19320209067934,5.3209602351598715
Venezuela,South America,28427499.0,22299,656.0,195.0,80.0,12146.0,936.0,9958.0,42.0,784.0,7.0,1567431.0,55138.0,Americas,0.8744786761738195,54.4688102605498,0.0007844165257028063,6.859555249654568,784.4165257028063,2.9418359567693617,41.02564102564102,7.706240737691421,2.5014349985560473,21.66808489750369,5.9650992986997835
Nepal,Asia,29186486.0,21750,656.0,65.0,80.0,15389.0,936.0,6296.0,27.5,745.0,2.0,731977.0,25079.0,South-EastAsia,0.2988505747126437,70.75402298850575,0.0007452079020406911,2.2270580980526398,745.207902040691,3.0160919540229885,123.07692307692308,6.082266554032101,2.6161728876256616,36.70516363168711,6.1834117069337
Austria,Europe,9011577.0,21696,656.0,719.0,80.0,19596.0,936.0,1381.0,25.0,2408.0,80.0,937275.0,104008.0,Europe,3.313974926253687,90.320796460177,0.0024075697294713232,79.78625716675339,2407.569729471323,3.023598820058997,11.126564673157164,4.776484996938151,2.717145116328119,31.764060625811595,6.172623345787747
Costa Rica,North America,5098730.0,21070,656.0,200.0,80.0,7038.0,936.0,13832.0,103.0,4132.0,39.0,96110.0,18850.0,Americas,0.9492168960607499,33.40294257237779,0.004132401598045003,39.225454181727606,4132.401598045003,3.1134314190792596,40.0,13.299232736572892,2.819047164927742,35.63799667366068,7.120607381531417
Ethiopia,Africa,115223736.0,20900,656.0,365.0,80.0,9027.0,936.0,11508.0,185.0,181.0,3.0,468814.0,4069.0,Africa,1.7464114832535886,43.19138755980861,0.0001813862379883256,3.167750089269801,181.3862379883256,3.1387559808612444,21.91780821917808,10.36889332003988,2.9155019936707047,37.3888498837158,7.885909309483753
Australia,Australia/Oceania,25528864.0,19890,656.0,255.0,80.0,10941.0,936.0,8694.0,52.0,779.0,10.0,4631419.0,181419.0,WesternPacific,1.282051282051282,55.00754147812972,0.0007791180994187599,9.988693582291795,779.1180994187599,3.2981397687280043,31.372549019607842,8.55497669317247,3.0313095708678124,41.22423018968434,8.535739790194501
El Salvador,North America,6489514.0,19126,656.0,513.0,80.0,9236.0,936.0,9377.0,509.0,2947.0,79.0,251271.0,38720.0,Americas,2.6822126947610583,48.290285475269265,0.002947216078122337,79.05060378943631,2947.216078122337,3.4298860190316844,15.594541910331383,10.134257254222607,3.1373914169359343,40.58771827497694,8.703193184667075
Czechia,Europe,10711019.0,17731,656.0,390.0,80.0,12320.0,936.0,5021.0,17.0,1655.0,36.0,728670.0,68030.0,Europe,2.199537533134059,69.48282668772207,0.001655398053163756,36.41110150210732,1655.398053163756,3.699734927528058,20.51282051282051,7.597402597402597,3.245662698472891,37.65731534457401,8.687644878911529
Cameroon,Africa,26606188.0,17718,656.0,391.0,80.0,15320.0,936.0,2007.0,30.0,666.0,15.0,149000.0,5600.0,Africa,2.2067953493622303,86.46574105429507,0.0006659353079817372,14.695829406302023,665.9353079817372,3.7024494863980135,20.460358056265985,6.1096605744125325,3.3437137745264662,22.997806055908708,8.691558310394448
Ivory Coast,Africa,26437950.0,16447,656.0,103.0,80.0,12484.0,936.0,3860.0,27.5,622.0,4.0,104584.0,3956.0,Africa,0.6262540280902292,75.9044202590138,0.0006220981581400979,3.895914774027487,622.0981581400979,3.988569343953305,77.66990291262135,7.497596924062801,3.481566706511367,32.50399723297502,9.08028858569797
S. Korea,Asia,51273732.0,14519,20.0,303.0,1.0,13543.0,42.0,673.0,18.0,283.0,6.0,1613652.0,31471.0,WesternPacific,2.086920586817274,93.27777395137406,0.00028316643695840203,5.909458667841849,283.166436958402,0.13775053378331842,0.33003300330033003,0.31012331093553863,3.056469437183375,26.836859090589353,7.224701524892633
Denmark,Europe,5794279.0,14306,656.0,617.0,80.0,12787.0,936.0,902.0,2.0,2469.0,106.0,1654512.0,285542.0,Europe,4.312875716482595,89.38207745002097,0.0024689870819130386,106.48434429891968,2468.9870819130388,4.585488606179226,12.965964343598054,7.319934308281849,3.2631455265145157,25.558024251220782,6.789135951784344
Palestine,Asia,5112340.0,13398,656.0,92.0,80.0,6907.0,936.0,6399.0,27.5,2621.0,18.0,200280.0,39176.0,EasternMediterranean,0.6866696521868936,51.55247051798776,0.0026207177143930177,17.995673214222844,2620.7177143930176,4.896253172115241,86.95652173913044,13.551469523671638,3.4914474412841208,33.49859178258115,7.502920641855653
Bosnia and Herzegovina,Europe,3278650.0,13396,656.0,384.0,80.0,7042.0,936.0,5970.0,27.5,4086.0,117.0,147021.0,44842.0,Europe,2.866527321588534,52.567930725589726,0.0040858280084791,117.12137617617007,4085.8280084791,4.896984174380412,20.833333333333336,13.291678500426016,3.701032892048225,34.24699055729572,7.953980819884712
Bulgaria,Europe,6942854.0,13014,656.0,435.0,80.0,7374.0,936.0,5205.0,47.0,1874.0,63.0,294087.0,42358.0,Europe,3.342554172429691,56.662056247118485,0.0018744452929587746,62.65434934970547,1874.4452929587746,5.04072537267558,18.39080459770115,12.693246541903989,3.892602955640728,33.94384542656438,8.681958526242054
Madagascar,Africa,27755708.0,12526,656.0,134.0,80.0,10148.0,936.0,2244.0,88.0,451.0,5.0,46301.0,1668.0,Africa,1.06977486827399,81.01548778540636,0.0004512945589426146,4.82783577345604,451.29455894261463,5.237106817818937,59.70149253731343,9.223492313756406,4.1118397172722885,39.549721780999725,9.126791631862606
Sudan,Africa,43943536.0,11780,656.0,763.0,80.0,6194.0,936.0,4823.0,27.5,268.0,17.0,401.0,9.0,EasternMediterranean,6.4770797962648565,52.58064516129032,0.0002680712812915192,17.363190800121316,268.0712812915192,5.568760611205433,10.484927916120576,15.111398127219891,4.337581326879735,29.951868210071044,10.214477518027905
North Macedonia,Europe,2083365.0,11399,656.0,517.0,80.0,7480.0,936.0,3402.0,3.0,5471.0,248.0,109946.0,52773.0,Europe,4.535485568909554,65.61979120975523,0.005471436834160121,248.156228025334,5471.436834160121,5.754890779892973,15.473887814313347,12.513368983957218,5.1400299334668285,32.11527604021576,11.957798328459575
Senegal,Africa,16783877.0,10715,656.0,223.0,80.0,7101.0,936.0,3391.0,33.0,638.0,13.0,114761.0,6838.0,Africa,2.0811945870275315,66.27158189454036,0.0006384103029353706,13.286560667717,638.4103029353706,6.122258516098927,35.874439461883405,13.181242078580482,5.359568492026787,35.38791534282795,12.795128009930808
Norway,Europe,5425471.0,9468,656.0,256.0,80.0,8857.0,936.0,355.0,3.0,1745.0,47.0,472841.0,87152.0,Europe,2.703844528939586,93.54668356569498,0.0017451019459877308,47.18484349100751,1745.101945987731,6.928601605407689,31.25,10.567912385683641,5.649903982497135,27.429840808666462,12.368905561646809
DRC,Africa,89802183.0,9309,656.0,215.0,80.0,8048.0,936.0,1046.0,27.5,104.0,2.0,135702.0,32585.0,Africa,2.309592867117843,86.45396927704371,0.0001036611771453262,2.394151153318845,103.66117714532619,7.04694381781072,37.2093023255814,11.630218687872764,5.957041074415751,29.769264950416186,12.131554159853485
Malaysia,Asia,32406372.0,9038,656.0,125.0,80.0,8713.0,936.0,200.0,2.0,279.0,4.0,991333.0,30591.0,WesternPacific,1.3830493472007082,96.40407169727816,0.0002788957677829533,3.8572660956925384,278.89576778295327,7.258242974109316,64.0,10.742568575691495,6.273829303192,36.284864293601736,11.852885878965987
French Guiana,South America,299385.0,8127,656.0,47.0,80.0,7240.0,936.0,840.0,23.0,27146.0,157.0,41412.0,138324.0,Europe,0.5783191829703458,89.08576350436816,0.027145648579588157,156.98849307747548,27145.648579588156,8.071859234649931,170.2127659574468,12.928176795580109,6.678793934167855,52.07218906790651,12.382126519226516
Gabon,Africa,2230563.0,7787,656.0,51.0,80.0,5609.0,936.0,2127.0,11.0,3491.0,23.0,85369.0,38272.0,Africa,0.6549377167073328,72.03030692179273,0.0034910468791959698,22.86418271978868,3491.0468791959697,8.42429690509824,156.86274509803923,16.687466571581385,7.086727690438257,72.9833058081806,12.6072791541353
Tajikistan,Asia,9557468.0,7665,656.0,62.0,80.0,6443.0,936.0,1160.0,27.5,802.0,6.0,135702.0,32585.0,Europe,0.8088714938030006,84.05740378343118,0.0008019906527544743,6.487073773095552,801.9906527544744,8.558382257012394,129.03225806451613,14.527394071084899,7.487226472883888,89.20593012963813,12.894997023724969
Guinea,Africa,13164905.0,7664,656.0,49.0,80.0,6757.0,936.0,858.0,24.0,582.0,4.0,14407.0,1094.0,Africa,0.6393528183716075,88.16544885177453,0.0005821538400770837,3.7220169837913755,582.1538400770837,8.559498956158663,163.26530612244898,13.852301317152582,7.835403678606707,107.4046253668618,12.990862629235268
Haiti,North America,11416103.0,7544,656.0,171.0,80.0,4832.0,936.0,2541.0,27.5,661.0,15.0,18443.0,1616.0,Americas,2.2667020148462353,64.050901378579,0.0006608209473933443,14.978841729090917,660.8209473933443,8.695652173913043,46.783625730994146,19.370860927152318,8.087839474107472,109.62371475700381,14.248426706587937
Finland,Europe,5541604.0,7532,656.0,331.0,80.0,6980.0,936.0,221.0,27.5,1359.0,60.0,389500.0,70287.0,Europe,4.394583112055231,92.6712692511949,0.0013591732646360151,59.72999875126408,1359.1732646360151,8.709506107275624,24.169184290030213,13.40974212034384,8.325348372602459,107.76084075192509,14.50264433979809
Zambia,Africa,18430129.0,7164,656.0,199.0,80.0,5786.0,936.0,1179.0,27.5,389.0,11.0,90307.0,4900.0,Africa,2.7777777777777777,80.76493579006141,0.000388711332405758,10.797537011271055,388.711332405758,9.156895589056393,40.20100502512563,16.1769789146215,8.596584460452041,104.36098432694303,15.278988673930948
Luxembourg,Europe,626952.0,7073,656.0,119.0,80.0,5750.0,936.0,1204.0,9.0,11282.0,190.0,623994.0,995282.0,Europe,1.6824544040718223,81.29506574296622,0.011281565414896196,189.8071941711646,11281.565414896197,9.27470663084971,67.22689075630252,16.278260869565216,8.768419802766294,89.64871644106526,15.757572113071678
Mauritania,Africa,4660728.0,6444,656.0,157.0,80.0,5291.0,936.0,996.0,3.0,1383.0,34.0,57387.0,12313.0,Africa,2.436374922408442,82.10738671632527,0.001382616621266034,33.68572463357656,1382.616621266034,10.180012414649287,50.955414012738856,17.69041769041769,9.01923630413073,74.51909771459377,15.900850844334006
Paraguay,South America,7141091.0,6375,656.0,66.0,80.0,4974.0,936.0,1335.0,23.0,893.0,9.0,135277.0,18943.0,Americas,1.035294117647059,78.0235294117647,0.0008927207341287207,9.242285247450285,892.7207341287207,10.290196078431373,121.21212121212122,18.817852834740652,9.266638278619157,73.4019353071088,16.513773524856255
Albania,Europe,2877470.0,6016,656.0,188.0,80.0,3155.0,936.0,2673.0,23.0,2091.0,65.0,38997.0,13553.0,Europe,3.125,52.44348404255319,0.0020907255331940908,65.33517291231533,2090.7255331940905,10.904255319148938,42.5531914893617,29.667194928684626,9.601603473332052,56.15734750238204,18.773044040789408
Lebanon,Asia,6822220.0,5672,656.0,70.0,80.0,1974.0,936.0,3628.0,46.0,831.0,10.0,345268.0,50609.0,EasternMediterranean,1.2341325811001411,34.80253878702398,0.0008314009222804307,10.260589661429858,831.4009222804307,11.56558533145275,114.28571428571428,47.41641337386018,10.011593924409153,65.80050301019921,22.77955153317625
Croatia,Europe,4102577.0,5404,656.0,155.0,80.0,4688.0,936.0,561.0,7.0,1317.0,38.0,125317.0,30546.0,Europe,2.868245743893412,86.75055514433753,0.0013172208589869246,37.78113122556871,1317.2208589869247,12.139156180606959,51.61290322580645,19.965870307167236,10.50154393488506,69.72103428673867,23.716141274151017
Djibouti,Africa,989387.0,5330,656.0,59.0,80.0,5057.0,936.0,214.0,27.5,5387.0,60.0,59909.0,60552.0,EasternMediterranean,1.1069418386491556,94.8780487804878,0.005387174078495068,59.63288379572402,5387.174078495068,12.307692307692308,135.59322033898303,18.50899742930591,10.951657751833048,83.34849361728972,24.04928677624879
Greece,Europe,10417673.0,5123,656.0,210.0,80.0,1374.0,936.0,3539.0,14.0,492.0,20.0,619393.0,59456.0,Europe,4.0991606480577785,26.820222525863752,0.0004917604920023886,20.158052570857237,491.7604920023886,12.80499707202811,38.095238095238095,68.12227074235808,11.455984957715673,79.18682895142338,31.45557390093348
Libya,Africa,6880353.0,4879,656.0,107.0,80.0,652.0,936.0,4120.0,27.5,709.0,16.0,59699.0,8677.0,EasternMediterranean,2.193072350891576,13.363394138143061,0.0007091205930858489,15.551527661444114,709.1205930858489,13.445378151260504,74.76635514018692,143.55828220858896,11.922465777231563,82.58839196963024,49.43669740352938
Equatorial Guinea,Africa,1407001.0,4821,656.0,83.0,80.0,2182.0,936.0,2556.0,27.5,3426.0,59.0,44356.0,31525.0,Africa,1.7216345156606514,45.2603194358017,0.0034264367971309187,58.99071855670323,3426.436797130919,13.607135449076955,96.3855421686747,42.896425297891845,12.39631425875236,79.04173782056645,52.87649346969384
Maldives,Asia,541448.0,4680,656.0,19.0,80.0,2725.0,936.0,1936.0,12.0,8643.0,35.0,85587.0,158071.0,South-EastAsia,0.40598290598290604,58.22649572649573,0.008643489310146127,35.09108907965308,8643.489310146126,14.017094017094017,421.05263157894734,34.34862385321101,12.841005501315944,133.11308640479297,53.54526903034047
CAR,Africa,4837752.0,4620,656.0,59.0,80.0,1641.0,936.0,2920.0,2.0,955.0,12.0,29589.0,6116.0,Europe,1.277056277056277,35.51948051948052,0.0009549890114251413,12.195747115602453,954.9890114251413,14.1991341991342,135.59322033898303,57.038391224862885,13.217226768127578,136.15701584097422,54.91983729476942
Hungary,Europe,9657785.0,4597,656.0,600.0,80.0,3463.0,936.0,534.0,8.0,476.0,62.0,352546.0,36504.0,Europe,13.051990428540353,75.33173809005874,0.0004759890596032113,62.126046500310366,475.98905960321133,14.270176201870784,13.333333333333334,27.02858792954086,13.521658199736695,130.6885058563352,55.92879695510851
Malawi,Africa,19174839.0,4491,656.0,137.0,80.0,2137.0,936.0,2217.0,4.0,234.0,7.0,33466.0,1745.0,Africa,3.050545535515475,47.58405700289468,0.0002342131790519858,7.144779677159219,234.2131790519858,14.606991761300378,58.3941605839416,43.799719232569025,13.850129550252134,119.66006874847214,59.54175721271753
Zimbabwe,Africa,14883803.0,4339,656.0,84.0,80.0,1264.0,936.0,2991.0,27.5,292.0,6.0,140421.0,9434.0,Africa,1.9359299377736807,29.131136206499193,0.00029152495501317773,5.643718880181362,291.52495501317776,15.118690942613505,95.23809523809523,74.0506329113924,14.18065724605005,127.8233340545946,60.388666094008144
Nicaragua,North America,6632263.0,3902,656.0,123.0,80.0,2913.0,936.0,866.0,27.5,588.0,19.0,135702.0,32585.0,Americas,3.1522296258329066,74.65402357765248,0.0005883361380572514,18.545706043321864,588.3361380572513,16.8118913377755,65.04065040650406,32.13182286302781,14.661587701266475,126.43394766406846,44.4706004732137
Hong Kong,Asia,7503041.0,3850,656.0,46.0,80.0,2458.0,936.0,1346.0,39.0,513.0,6.0,692430.0,92287.0,WesternPacific,1.194805194805195,63.84415584415585,0.0005131252781372246,6.130847479042164,513.1252781372247,17.03896103896104,173.91304347826087,38.07973962571196,15.151848499821346,137.50930499400937,43.782502520045135
Congo,Africa,5530506.0,3546,656.0,58.0,80.0,1589.0,936.0,1899.0,27.5,641.0,10.0,135702.0,32585.0,Africa,1.6356457980823462,44.81105470953187,0.0006411709886943437,10.487286335102068,641.1709886943437,18.49971799210378,137.93103448275863,58.904971680302076,15.792223353394169,97.0633625516967,47.29055220962958
Montenegro,Europe,628074.0,3480,656.0,60.0,80.0,2178.0,936.0,1242.0,27.5,5541.0,96.0,38427.0,61182.0,Europe,1.7241379310344827,62.58620689655172,0.005540748383152304,95.53014453710868,5540.748383152304,18.850574712643677,133.33333333333331,42.97520661157025,16.456714855324094,96.74052155088957,45.28152583630206
Thailand,Asia,69817894.0,3330,656.0,58.0,80.0,3148.0,936.0,124.0,1.0,48.0,0.8,749213.0,10731.0,South-EastAsia,1.7417417417417418,94.53453453453453,4.769550911976806e-05,0.8307325912752396,47.69550911976806,19.6996996996997,137.93103448275863,29.733163913595934,17.232361069299653,114.54019314366461,45.66789383402421
Somalia,Africa,15933012.0,3227,656.0,93.0,80.0,1728.0,936.0,1406.0,2.0,203.0,6.0,135702.0,32585.0,EasternMediterranean,2.8819336845367216,53.54818717074682,0.00020253546535959428,5.83693779933135,202.53546535959427,20.328478462968704,86.02150537634408,54.166666666666664,18.04971631239513,118.48695668543641,47.148886324609585
Mayotte,Africa,273419.0,3042,656.0,39.0,80.0,2738.0,936.0,265.0,2.0,11126.0,143.0,13000.0,47546.0,Europe,1.282051282051282,90.00657462195923,0.01112578131000406,142.63822192312895,11125.78131000406,21.564760026298487,205.1282051282051,34.18553688823959,18.970583324350123,134.18554381259497,41.45387260701632
Eswatini,Africa,1161348.0,2968,656.0,55.0,80.0,1476.0,936.0,1437.0,5.0,2556.0,47.0,20784.0,17896.0,Africa,1.853099730458221,49.73045822102426,0.0025556508471190377,47.35875895941613,2555.6508471190377,22.10242587601078,145.45454545454547,63.41463414634146,19.726373972669453,145.6732431051723,45.9228456474897
Sri Lanka,Asia,21422362.0,2839,656.0,11.0,80.0,2541.0,936.0,287.0,1.0,133.0,0.5,166737.0,7783.0,South-EastAsia,0.3874603733709053,89.50334624867912,0.00013252506889763137,0.5134821267608118,132.52506889763137,23.10672772102853,727.2727272727273,36.835891381345924,20.59319778439338,224.7246265043818,45.7451530411517
Cuba,North America,11325899.0,2775,656.0,88.0,80.0,2409.0,936.0,278.0,4.0,245.0,8.0,285471.0,25205.0,Americas,3.171171171171171,86.8108108108108,0.00024501366293307045,7.769802644364036,245.01366293307046,23.63963963963964,90.9090909090909,38.85429638854296,21.327472305469932,218.00720599385787,42.88077085661469
Cabo Verde,Africa,556581.0,2734,656.0,27.0,80.0,2010.0,936.0,697.0,27.5,4912.0,49.0,61633.0,110735.0,Africa,0.9875640087783468,73.51865398683248,0.004912133184567924,48.510459394050464,4912.133184567924,23.994147768836868,296.2962962962963,46.56716417910447,22.062268456354673,241.2876292742811,43.39390765197671
Namibia,Africa,2545264.0,2652,656.0,15.0,80.0,563.0,936.0,2074.0,24.0,1042.0,6.0,29233.0,11485.0,Africa,0.5656108597285068,21.229260935143287,0.0010419351391447017,5.893298298329761,1041.9351391447017,24.73604826546003,533.3333333333333,166.25222024866787,22.781746822891865,297.7736719672203,62.89662998555843
Mali,Africa,20302901.0,2552,656.0,124.0,80.0,1954.0,936.0,474.0,27.5,126.0,6.0,25152.0,1239.0,Africa,4.858934169278997,76.56739811912226,0.0001256963229047908,6.107501583148142,125.6963229047908,25.705329153605017,64.51612903225806,47.901740020470825,23.54986835012562,294.7014753466366,62.0016404646733
Slovakia,Europe,5459915.0,2480,656.0,29.0,80.0,1824.0,936.0,627.0,2.0,454.0,5.0,272322.0,49877.0,Europe,1.1693548387096775,73.54838709677419,0.00045421952539554186,5.311437998576901,454.21952539554184,26.451612903225808,275.86206896551727,51.31578947368421,24.247990189686668,304.8063130376812,64.4488194054511
South Sudan,Africa,11206572.0,2450,656.0,47.0,80.0,1175.0,936.0,1228.0,27.5,219.0,4.0,12044.0,1075.0,Africa,1.9183673469387756,47.95918367346938,0.00021862171590027708,4.193967611148173,218.62171590027708,26.77551020408163,170.2127659574468,79.6595744680851,24.915573665125358,308.34320168095286,66.7695251657002
Slovenia,Europe,2078968.0,2223,656.0,125.0,80.0,1909.0,936.0,189.0,2.0,1069.0,60.0,135702.0,65274.0,Europe,5.623031938821413,85.87494376968061,0.0010692805276464091,60.12598558515571,1069.2805276464092,29.509671614934774,64.0,49.03090623363017,25.830279935683393,213.58995492770606,68.51167014459794
Lithuania,Europe,2718121.0,2171,656.0,81.0,80.0,1656.0,936.0,434.0,6.0,799.0,30.0,540784.0,198955.0,Europe,3.7309995393827724,76.27821280515892,0.0007987135230550811,29.799997866172994,798.713523055081,30.216490096729622,98.76543209876543,56.52173913043478,26.769830000981965,214.71228938337387,71.03559053629678
Estonia,Europe,1326627.0,2124,656.0,63.0,80.0,1954.0,936.0,107.0,27.5,1601.0,47.0,122880.0,92626.0,Europe,2.9661016949152543,91.99623352165726,0.0016010528958026635,47.488857078892565,1601.0528958026634,30.88512241054614,126.98412698412697,47.901740020470825,27.754254949797573,190.52483662449254,71.22624422792055
Mozambique,Africa,31333962.0,2120,656.0,15.0,80.0,795.0,936.0,1310.0,27.5,68.0,0.5,65151.0,2079.0,Africa,0.7075471698113208,37.5,6.765821698513581e-05,0.4787137994231307,67.65821698513581,30.943396226415093,533.3333333333333,117.73584905660377,28.641018944219727,190.52483662449254,64.29533405762568
Rwanda,Africa,12981546.0,2111,656.0,5.0,80.0,1258.0,936.0,848.0,27.5,163.0,0.4,286251.0,22051.0,Africa,0.23685457129322599,59.59261013737566,0.0001626154542764013,0.38516213708290215,162.6154542764013,31.075319753671245,1600.0,74.40381558028616,29.408160458514903,409.8796753341699,68.081344851885
Suriname,South America,587154.0,2096,656.0,29.0,80.0,1446.0,936.0,621.0,9.0,3570.0,49.0,2785.0,4743.0,Americas,1.383587786259542,68.98854961832062,0.0035697619363914746,49.39079015045456,3569.7619363914746,31.297709923664126,275.86206896551727,64.73029045643153,30.100460032863232,409.87967533417,69.99770213513463
Guinea-Bissau,Africa,1972277.0,2032,656.0,27.0,80.0,944.0,936.0,1061.0,5.0,1030.0,14.0,1500.0,761.0,Africa,1.328740157480315,46.45669291338583,0.0010302812434561676,13.689760616789629,1030.2812434561677,32.28346456692913,296.2962962962963,99.15254237288136,30.887310656127163,427.8916082397199,72.7824118358198
Benin,Africa,12151976.0,1936,656.0,38.0,80.0,1600.0,936.0,298.0,1.0,159.0,3.0,93677.0,7709.0,Africa,1.962809917355372,82.64462809917356,0.00015931565368463533,3.127063450421561,159.31565368463532,33.88429752066116,210.52631578947367,58.5,31.512257214088073,448.8239390667876,74.13513951672978
Iceland,Europe,341465.0,1930,656.0,10.0,80.0,1825.0,936.0,95.0,27.5,5652.0,29.0,149693.0,438385.0,Europe,0.5181347150259068,94.55958549222798,0.005652116615172858,29.285578316957814,5652.1166151728585,33.98963730569948,800.0,51.28767123287671,32.05127824394091,549.000305909821,73.38741553136434
Sierra Leone,Africa,7992169.0,1877,656.0,67.0,80.0,1427.0,936.0,383.0,27.5,235.0,8.0,135702.0,32585.0,Africa,3.569525839104955,76.02557272242942,0.000234854893583957,8.383206110881789,234.854893583957,34.949387320191796,119.40298507462686,65.59215136650315,32.63188751674743,547.9172856370353,75.9146171522261
Yemen,Asia,29886897.0,1768,656.0,508.0,80.0,898.0,936.0,362.0,27.5,59.0,17.0,120.0,4.0,EasternMediterranean,28.733031674208142,50.7918552036199,5.915635872134869e-05,16.99741528871331,59.15635872134869,37.10407239819005,15.748031496062993,104.2316258351893,33.51198411271529,473.9765282317111,73.98544240630974
Tunisia,Africa,11830801.0,1642,656.0,51.0,80.0,1241.0,936.0,350.0,9.0,139.0,4.0,100298.0,8478.0,EasternMediterranean,3.1059683313032886,75.57856272838002,0.00013879026449688402,4.310781662205289,138.79026449688402,39.95127892813642,156.86274509803923,75.42304593070105,34.779978280496024,267.8140632457166,74.1310467420833
New Zealand,Australia/Oceania,5002100.0,1569,656.0,22.0,80.0,1524.0,936.0,23.0,27.5,314.0,4.0,486943.0,97348.0,WesternPacific,1.4021669853409815,97.131931166348,0.00031366825933108093,4.398152775834149,313.66825933108095,41.810070108349265,363.6363636363636,61.417322834645674,36.28174402116533,280.35324819869464,73.65776565325676
Angola,Africa,32956300.0,1483,656.0,64.0,80.0,520.0,936.0,899.0,20.0,45.0,2.0,64747.0,1965.0,Africa,4.315576534052596,35.06405933917735,4.49989835023956e-05,1.9419655725915834,44.998983502395596,44.23465947403911,125.0,180.0,37.9890575793239,255.88234872779523,85.20740245713084
Uruguay,South America,3474956.0,1318,656.0,37.0,80.0,1079.0,936.0,202.0,2.0,379.0,11.0,126956.0,36535.0,Americas,2.8072837632776935,81.86646433990894,0.0003792853780019085,10.647616833134002,379.2853780019085,49.77238239757208,216.21621621621622,86.74698795180723,40.25878399031118,256.6951916459013,89.24268645024615
Latvia,Europe,1883936.0,1275,656.0,32.0,80.0,1070.0,936.0,173.0,27.5,677.0,17.0,207909.0,110359.0,Europe,2.5098039215686274,83.92156862745098,0.0006767745825760536,16.985715013673502,676.7745825760536,51.450980392156865,250.0,87.4766355140187,42.7532615740908,178.1237630744727,94.41253849040929
Jordan,Asia,10213138.0,1232,656.0,11.0,80.0,1171.0,936.0,50.0,3.0,121.0,1.0,628745.0,61562.0,EasternMediterranean,0.8928571428571428,95.0487012987013,0.00012062893892161253,1.0770440975143976,120.62893892161253,53.246753246753244,727.2727272727273,79.93168232280102,45.367170992171005,264.9622976742013,96.46104291273757
Liberia,Africa,5068618.0,1224,656.0,78.0,80.0,705.0,936.0,441.0,27.5,241.0,15.0,135702.0,32585.0,Africa,6.372549019607843,57.59803921568627,0.0002414859435057051,15.38881012536356,241.48594350570508,53.59477124183007,102.56410256410255,132.7659574468085,47.722985112691,277.36459354106415,100.53737600011173
Uganda,Africa,45867852.0,1223,656.0,5.0,80.0,1102.0,936.0,116.0,27.5,27.0,0.1,288367.0,6287.0,Africa,0.4088307440719542,90.1062959934587,2.6663555119171485e-05,0.10900881078974442,26.663555119171484,53.63859362224039,1600.0,84.93647912885662,49.67831578327729,483.52705852705856,101.89643788556252
Cyprus,Asia,1208238.0,1208,656.0,19.0,80.0,856.0,936.0,333.0,27.5,1000.0,16.0,216597.0,179267.0,Europe,1.5728476821192054,70.86092715231787,0.0009998030189416324,15.725378609181305,999.8030189416324,54.3046357615894,421.05263157894734,109.34579439252336,51.46325373374016,491.72938251885626,108.74336239383076
Georgia,Asia,3988368.0,1206,656.0,17.0,80.0,987.0,936.0,202.0,27.5,302.0,4.0,240473.0,60294.0,Europe,1.4096185737976783,81.8407960199005,0.00030237931905982595,4.262395044790249,302.37931905982595,54.39469320066335,470.5882352941177,94.83282674772036,52.91468712325792,541.0991304180159,96.57662335779082
Burkina Faso,Africa,20954852.0,1158,656.0,54.0,80.0,961.0,936.0,143.0,27.5,55.0,3.0,135702.0,32585.0,Africa,4.66321243523316,82.98791018998273,5.52616644584271e-05,2.5769688089421963,55.2616644584271,56.649395509499136,148.14814814814815,97.39854318418314,53.89711756781892,531.3751206940062,98.09827410527312
Niger,Africa,24281433.0,1153,656.0,69.0,80.0,1057.0,936.0,27.0,27.5,47.0,3.0,9052.0,373.0,Africa,5.9843885516045106,91.67389418907199,4.748484160716544e-05,2.841677424886744,47.48484160716544,56.89505637467476,115.94202898550725,88.55250709555345,54.67484270817862,512.22398197765,98.25197004549236
Togo,Africa,8296582.0,1012,656.0,22.0,80.0,697.0,936.0,293.0,2.0,122.0,3.0,45767.0,5516.0,Africa,2.1739130434782608,68.87351778656127,0.00012197794224175691,2.651694396559933,121.9779422417569,64.82213438735178,363.6363636363636,134.28981348637018,56.32846858540698,460.27593002959804,106.01741735457365
Syria,Asia,17539600.0,999,656.0,48.0,80.0,311.0,936.0,640.0,27.5,57.0,3.0,135702.0,32585.0,EasternMediterranean,4.804804804804805,31.131131131131127,5.695682911810988e-05,2.7366644621314054,56.95682911810988,65.66566566566566,166.66666666666669,300.9646302250804,58.05288207452635,469.43343918710724,130.0457991800411
Jamaica,North America,2962478.0,958,30.0,12.0,80.0,745.0,936.0,201.0,27.5,323.0,4.0,41840.0,14123.0,Americas,1.2526096033402923,77.76617954070981,0.00032337792888250983,4.050662992265259,323.3779288825098,3.1315240083507305,666.6666666666667,125.63758389261746,50.83758641539926,336.1001058537739,135.8602427177212
Malta,Europe,441663.0,946,656.0,9.0,80.0,670.0,936.0,267.0,27.5,2142.0,20.0,136713.0,309541.0,Europe,0.9513742071881607,70.82452431289641,0.0021419045743021263,20.3775276624938,2141.904574302126,69.3446088794926,888.8888888888889,139.70149253731344,52.98615400367114,402.93385689805126,140.19677102411978
Andorra,Europe,77278.0,944,656.0,52.0,80.0,828.0,936.0,64.0,1.0,12216.0,673.0,3750.0,48526.0,Europe,5.508474576271186,87.71186440677965,0.012215637050648308,672.8952612645255,12215.637050648309,69.49152542372882,153.84615384615387,113.04347826086956,55.14284432125192,357.68498811977076,142.79829266885537
Chad,Africa,16467965.0,942,656.0,76.0,80.0,838.0,936.0,28.0,27.5,57.0,5.0,135702.0,32585.0,Africa,8.067940552016985,88.95966029723992,5.720196757765759e-05,4.615020738749445,57.20196757765759,69.63906581740976,105.26315789473684,111.69451073985681,56.99851150809629,351.558560940712,144.84057374823732
Gambia,Africa,2422754.0,935,656.0,16.0,80.0,136.0,936.0,783.0,27.5,386.0,7.0,5183.0,2139.0,Africa,1.7112299465240641,14.545454545454545,0.00038592444796293807,6.604054724499474,385.9244479629381,70.16042780748664,500.0,688.2352941176471,58.89356456992657,406.4239853713538,230.50954332282214
Sao Tome and Principe,Africa,219544.0,878,656.0,15.0,80.0,797.0,936.0,66.0,27.5,3999.0,68.0,3079.0,14025.0,Africa,1.7084282460136675,90.7744874715262,0.003999198338374085,68.3234340268921,3999.198338374085,74.71526195899773,533.3333333333333,117.44040150564616,60.30686850873313,430.666409613778,228.102484468433
Botswana,Africa,2356075.0,804,656.0,2.0,80.0,63.0,936.0,739.0,1.0,341.0,0.8,68423.0,29041.0,Africa,0.24875621890547264,7.835820895522389,0.00034124550364483304,0.8488694120518235,341.24550364483304,81.59203980099502,4000.0,1485.7142857142858,62.582064813780185,978.2854572328257,397.3524352526052
Bahamas,North America,393616.0,761,656.0,14.0,80.0,91.0,936.0,656.0,1.0,1933.0,36.0,4814.0,12230.0,Americas,1.8396846254927726,11.957950065703022,0.0019333563676273322,35.56765985122556,1933.3563676273322,86.2023653088042,571.4285714285714,1028.5714285714287,74.44932785670211,964.6800150559549,526.3429844924354
Vietnam,Asia,97425470.0,747,656.0,10.0,80.0,392.0,936.0,345.0,27.5,8.0,0.1,482456.0,4952.0,WesternPacific,1.3386880856760375,52.47657295850067,7.667399500356529e-06,0.10264256359245688,7.667399500356529,87.81793842034806,800.0,238.77551020408166,77.08837493396717,951.9816023575422,540.496415587688
Lesotho,Africa,2143943.0,742,656.0,23.0,80.0,175.0,936.0,544.0,27.5,346.0,11.0,8771.0,4091.0,Africa,3.0997304582210243,23.58490566037736,0.00034609129067330615,10.72789715025073,346.09129067330616,88.40970350404312,347.82608695652175,534.8571428571429,79.7909718025835,979.6930213733091,600.7555105300128
Diamond Princess,Africa,7041972.5,712,656.0,13.0,80.0,651.0,936.0,48.0,4.0,1015.0,29.0,135702.0,32585.0,Europe,1.8258426966292134,91.43258426966293,0.00010110803471612534,1.8460736675697043,101.10803471612535,92.13483146067416,615.3846153846155,143.77880184331798,83.00465260876413,1052.5675153004345,605.3389806876501
San Marino,Europe,33938.0,699,656.0,42.0,80.0,657.0,936.0,0.0,27.5,20596.0,1238.0,6068.0,178797.0,Europe,6.008583690987124,93.99141630901288,0.020596381637102954,1237.5508279804349,20596.381637102953,93.84835479256081,190.47619047619045,142.46575342465752,86.38864217806044,1008.3498282256045,527.3719034457944
Runion,Africa,895952.0,671,656.0,5.0,80.0,592.0,936.0,74.0,3.0,749.0,6.0,35419.0,39532.0,Europe,0.7451564828614009,88.22652757078987,0.000748924049502652,5.5806561065771385,748.924049502652,97.7645305514158,1600.0,158.10810810810813,89.68139483412017,1160.730780606557,533.1815758175746
Channel Islands,Europe,174022.0,597,656.0,47.0,80.0,533.0,936.0,17.0,27.5,3431.0,270.0,30721.0,176535.0,Europe,7.872696817420436,89.27973199329983,0.0034306007286435047,270.0807943823195,3430.6007286435047,109.88274706867671,170.2127659574468,175.609756097561,93.72292444378898,613.618318600478,346.02378587232823
Guyana,South America,786936.0,538,656.0,22.0,80.0,189.0,936.0,327.0,2.0,684.0,28.0,5165.0,6563.0,Americas,4.089219330855019,35.130111524163574,0.0006836642369900474,27.956530137139488,683.6642369900475,121.93308550185873,363.6363636363636,495.23809523809524,98.82731304279676,583.9337174873054,269.83330968185203
Tanzania,Africa,59886383.0,509,656.0,21.0,80.0,183.0,936.0,305.0,7.0,8.0,0.4,135702.0,32585.0,Africa,4.12573673870334,35.952848722986246,8.499427991835807e-06,0.3506640232388054,8.499427991835807,128.88015717092338,380.9523809523809,511.47540983606564,104.69334429287896,524.0697719090741,308.7904382007069
Taiwan,Asia,23821199.0,477,656.0,7.0,80.0,443.0,936.0,27.0,27.5,20.0,0.3,82737.0,3473.0,WesternPacific,1.4675052410901468,92.87211740041928,2.0024180982661705e-05,0.293855905405937,20.024180982661704,137.52620545073376,1142.857142857143,211.28668171557564,111.70998742812048,637.6456370377343,262.5660866090544
Comoros,Africa,871326.0,396,656.0,7.0,80.0,340.0,936.0,49.0,27.5,454.0,8.0,135702.0,32585.0,Africa,1.7676767676767675,85.85858585858585,0.0004544797240068585,8.033732495070732,454.47972400685853,165.65656565656565,1142.857142857143,275.29411764705884,122.21309231324783,712.9988552480954,281.35398886673175
Burundi,Africa,11922216.0,395,656.0,1.0,80.0,304.0,936.0,90.0,27.5,33.0,0.08,15614.0,1310.0,Africa,0.25316455696202533,76.9620253164557,3.313142456066892e-05,0.08387702420422512,33.13142456066892,166.0759493670886,8000.0,307.89473684210526,132.53132010960897,1828.645113751497,304.98670078350995
Myanmar,Asia,54446389.0,357,656.0,6.0,80.0,308.0,936.0,43.0,27.5,7.0,0.1,122290.0,2246.0,South-EastAsia,1.680672268907563,86.27450980392157,6.556908668451823e-06,0.11020014568826594,6.556908668451823,183.75350140056022,1333.3333333333335,303.8961038961039,144.81545880234384,1790.5498756562588,325.8135573246522
Mauritius,Africa,1271985.0,344,656.0,10.0,80.0,334.0,936.0,0.0,27.5,270.0,8.0,205285.0,161389.0,Africa,2.9069767441860463,97.09302325581395,0.0002704434407638455,7.861727929181555,270.4434407638455,190.69767441860466,800.0,280.2395209580838,156.36044842376214,1880.5194805194806,340.76066659044125
Isle of Man,Europe,85078.0,336,656.0,24.0,80.0,312.0,936.0,0.0,27.5,3949.0,282.0,8627.0,101401.0,Europe,7.142857142857142,92.85714285714286,0.003949317097251934,282.0940783751381,3949.317097251934,195.23809523809524,333.33333333333337,300.0,166.83259267179594,1876.1904761904764,312.8695101278562
Mongolia,Asia,3283344.0,293,656.0,113.0,80.0,260.0,936.0,33.0,1.0,89.0,29.0,38334.0,11675.0,WesternPacific,38.56655290102389,88.73720136518772,8.92382887690111e-05,34.41613184606913,89.2382887690111,223.89078498293514,70.79646017699115,360.0,180.40553950208331,1831.8824875082778,291.2301658655611
Eritrea,Africa,3551175.0,282,656.0,113.0,80.0,225.0,936.0,57.0,27.5,79.0,29.0,135702.0,32585.0,Africa,40.0709219858156,79.7872340425532,7.941033601554415e-05,31.820453793462725,79.41033601554415,232.6241134751773,70.79646017699115,416.0,193.99095493414669,1678.7309614111132,320.4749256204788
Guadeloupe,North America,400131.0,279,656.0,14.0,80.0,179.0,936.0,86.0,27.5,697.0,35.0,18476.0,46175.0,Europe,5.017921146953405,64.15770609318996,0.0006972716435367418,34.98854125273973,697.2716435367417,235.12544802867384,571.4285714285714,522.9050279329609,203.91508098730498,1597.0983083498888,355.8479128041791
Martinique,North America,375235.0,276,656.0,15.0,80.0,98.0,936.0,163.0,1.0,736.0,40.0,12227.0,32585.0,Europe,5.434782608695652,35.507246376811594,0.0007355390621876958,39.974949031939985,735.5390621876958,237.68115942028984,533.3333333333333,955.1020408163266,214.14439670919091,530.4316416832221,448.3060990862108
Faeroe Islands,Europe,48882.0,266,656.0,113.0,80.0,192.0,936.0,74.0,1.0,5442.0,29.0,43045.0,880590.0,Europe,42.4812030075188,72.18045112781954,0.005441675872509308,2311.689374411849,5441.675872509308,246.61654135338344,70.79646017699115,487.5,223.12483098816566,350.0692312323161,474.535227101053
Aruba,North America,106812.0,263,656.0,3.0,80.0,114.0,936.0,146.0,27.5,2462.0,28.0,14047.0,131511.0,Europe,1.1406844106463878,43.346007604562736,0.0024622701569112083,28.08673182788451,2462.2701569112082,249.4296577946768,2666.666666666667,821.0526315789474,231.51511432760452,616.7358978989827,551.7942429040336
Cambodia,Asia,16741375.0,243,656.0,113.0,80.0,210.0,936.0,33.0,1.0,15.0,29.0,67807.0,4050.0,WesternPacific,46.50205761316872,86.41975308641975,1.4514936795812769e-05,6.7497442713038796,14.514936795812769,269.95884773662556,70.79646017699115,445.7142857142857,242.18950754168029,579.2306303052196,572.6105694346459
Trinidad and Tobago,North America,1399950.0,210,656.0,8.0,80.0,135.0,936.0,67.0,27.5,150.0,6.0,9559.0,6828.0,Americas,3.8095238095238098,64.28571428571429,0.00015000535733419051,5.7144898032072575,150.0053573341905,312.3809523809524,1000.0,693.3333333333334,254.8309600271113,711.973993137078,620.2296170536935
Cayman Islands,North America,65798.0,203,656.0,1.0,80.0,202.0,936.0,0.0,27.5,3085.0,15.0,31108.0,472780.0,Europe,0.49261083743842365,99.50738916256158,0.0030852001580595153,15.198030335268548,3085.200158059515,323.1527093596059,8000.0,463.3663366336633,267.76361658202967,1844.7173559689363,626.9962365727881
Gibraltar,Europe,33690.0,190,656.0,113.0,80.0,184.0,936.0,6.0,27.5,5640.0,29.0,23063.0,684565.0,Europe,59.473684210526315,96.84210526315789,0.005639655684179281,3354.1110121697834,5639.655684179282,345.2631578947369,70.79646017699115,508.69565217391306,283.4975751343244,1773.1984829329963,624.9663257500671
Papua New Guinea,Australia/Oceania,8963009.0,163,656.0,3.0,80.0,53.0,936.0,107.0,27.5,18.0,0.3,10808.0,1206.0,WesternPacific,1.8404907975460123,32.515337423312886,1.818585700404853e-05,0.3347090246143901,18.18585700404853,402.4539877300613,2666.666666666667,1766.0377358490568,307.0365506071489,2077.9603876949013,740.8142821833143
Sint Maarten,North America,42924.0,160,656.0,16.0,80.0,64.0,936.0,80.0,3.0,3728.0,373.0,1115.0,25976.0,Europe,10.0,40.0,0.0037275184046221227,372.75184046221233,3727.5184046221225,409.99999999999994,500.0,1462.5,330.3770446995227,2139.2751790981883,880.0999964690285
Bermuda,North America,62254.0,157,656.0,9.0,80.0,144.0,936.0,4.0,27.5,2522.0,145.0,26352.0,423298.0,Americas,5.7324840764331215,91.71974522292994,0.0025219263019243742,144.56902367719346,2521.9263019243745,417.8343949044586,888.8888888888889,650.0,354.43486428663437,1885.3069251299341,855.6639062434646
Brunei ,Asia,437893.0,141,656.0,3.0,80.0,138.0,936.0,0.0,27.5,322.0,7.0,41148.0,93968.0,Europe,2.127659574468085,97.87234042553192,0.00032199646945715047,6.850988711854266,321.99646945715045,465.2482269503546,2666.666666666667,678.2608695652174,382.33334703145283,2256.1455260570306,888.8848467935977
Barbados,North America,287411.0,133,656.0,7.0,80.0,100.0,936.0,26.0,27.5,463.0,24.0,12233.0,42563.0,Americas,5.263157894736842,75.18796992481202,0.00046275194755941837,24.35536566102202,462.75194755941834,493.2330827067669,1142.857142857143,936.0,408.16936564942625,2276.553689322337,923.5515134602643
Turks and Caicos,North America,38768.0,129,656.0,2.0,80.0,39.0,936.0,88.0,3.0,3327.0,52.0,1252.0,32295.0,Europe,1.550387596899225,30.23255813953488,0.003327486586875774,51.58893933140735,3327.486586875774,508.52713178294573,4000.0,2400.0,434.65142599561767,1705.1251178937655,1200.213465369741
Seychelles,Africa,98408.0,126,656.0,113.0,80.0,124.0,936.0,2.0,27.5,1280.0,29.0,135702.0,32585.0,Africa,89.68253968253968,98.4126984126984,0.0012803837086415738,1148.2806275912528,1280.3837086415738,520.6349206349206,70.79646017699115,754.8387096774194,459.7045349585011,1705.1251178937655,1235.3767592988133
Monaco,Europe,39270.0,125,656.0,4.0,80.0,105.0,936.0,16.0,2.0,3183.0,102.0,38209.0,972982.0,Europe,3.2,84.0,0.003183091418385536,101.85892538833716,3183.091418385536,524.8000000000001,2000.0,891.4285714285714,477.18253671134954,1609.88702265567,1110.4325929530298
Bhutan,Asia,772443.0,105,656.0,113.0,80.0,93.0,936.0,12.0,27.5,136.0,29.0,54589.0,70671.0,South-EastAsia,107.61904761904762,88.57142857142857,0.00013593236005763533,146.28911130012182,135.93236005763532,624.7619047619048,70.79646017699115,1006.4516129032259,507.86280882019304,1548.572231252383,1045.2828233677762
Antigua and Barbuda,North America,98010.0,92,656.0,3.0,80.0,76.0,936.0,13.0,1.0,939.0,31.0,1500.0,15305.0,Americas,3.260869565217391,82.6086956521739,0.0009386797265585144,30.60912151821243,938.6797265585144,713.0434782608695,2666.666666666667,1231.578947368421,550.035535013966,1802.5404852206373,1128.3655301346937
Liechtenstein,Europe,38139.0,89,656.0,1.0,80.0,85.0,936.0,3.0,27.5,2334.0,26.0,900.0,23598.0,Europe,1.1235955056179776,95.50561797752809,0.00233356931225255,26.21987991295,2333.56931225255,737.0786516853933,8000.0,1101.1764705882354,588.8684528332573,2564.4452471253994,1188.7820445665534
Belize,North America,398312.0,86,656.0,2.0,80.0,31.0,936.0,53.0,2.0,216.0,5.0,3679.0,9236.0,Americas,2.3255813953488373,36.04651162790697,0.00021591114503203518,5.021189419349655,215.9111450320352,762.7906976744187,4000.0,3019.3548387096776,627.3766835429217,2972.6085124315214,1486.4041643822218
French Polynesia,Australia/Oceania,281072.0,64,656.0,113.0,80.0,62.0,936.0,2.0,27.5,228.0,29.0,5849.0,20810.0,Europe,176.5625,96.875,0.0002276996641429954,402.0322195024762,227.6996641429954,1025.0,70.79646017699115,1509.6774193548388,701.1585218596439,2411.293721028235,1359.2152242900556
St. Vincent Grenadines,North America,110976.0,56,656.0,113.0,80.0,46.0,936.0,10.0,27.5,505.0,29.0,2447.0,22050.0,Europe,201.78571428571428,82.14285714285714,0.0005046136101499423,1018.2381776239907,504.6136101499423,1171.4285714285713,70.79646017699115,2034.7826086956522,794.1290434015939,2411.293721028235,1542.0643527212317
Saint Martin,North America,38729.0,53,656.0,3.0,80.0,41.0,936.0,9.0,1.0,1368.0,77.0,1183.0,30546.0,Europe,5.660377358490567,77.35849056603774,0.0013684835652869943,77.46133388416948,1368.4835652869942,1237.735849056604,2666.666666666667,2282.9268292682927,895.9770218382516,2506.5318162663293,1740.8498181269063
Macao,Asia,650193.0,46,656.0,113.0,80.0,46.0,936.0,0.0,27.5,71.0,29.0,4071.0,6261.0,Europe,245.65217391304347,100.0,7.074822398887715e-05,173.79455023354603,70.74822398887714,1426.086956521739,70.79646017699115,2034.7826086956522,1010.4520292325136,2506.53181626633,1887.754246097253
Curaao,North America,164161.0,31,656.0,1.0,80.0,28.0,936.0,2.0,27.5,189.0,6.0,1080.0,6579.0,Europe,3.225806451612903,90.32258064516128,0.00018883900561034595,6.091580826140191,188.83900561034596,2116.1290322580644,8000.0,3342.857142857143,1210.8928226606843,3268.4365781710917,2189.365416881356
Fiji,Australia/Oceania,897095.0,27,656.0,1.0,80.0,18.0,936.0,8.0,27.5,30.0,1.0,6693.0,7461.0,WesternPacific,3.7037037037037033,66.66666666666666,3.009714690194461e-05,1.1147091445164672,30.09714690194461,2429.6296296296296,8000.0,5200.0,1452.685819509861,3268.4365781710917,2774.9116353687505
Saint Lucia,North America,183712.0,25,656.0,113.0,80.0,24.0,936.0,1.0,27.5,136.0,29.0,3895.0,21202.0,Americas,451.99999999999994,96.0,0.00013608256401323812,615.0931893398363,136.0825640132381,2624.0,70.79646017699115,3900.0,1718.5728626992297,2707.121786767805,2900.7180869816543
Timor-Leste,Asia,1320812.0,25,656.0,113.0,80.0,24.0,936.0,1.0,27.5,19.0,29.0,4238.0,3209.0,South-EastAsia,451.99999999999994,96.0,1.8927750504992385e-05,85.55343228256558,18.927750504992385,2624.0,70.79646017699115,3900.0,1947.0014341278013,2707.1217867678047,3242.192741359534
Grenada,North America,112576.0,24,656.0,113.0,80.0,23.0,936.0,1.0,27.5,213.0,29.0,6252.0,55536.0,Americas,470.8333333333333,95.83333333333334,0.00021318931210915292,1003.7663445139284,213.18931210915292,2733.333333333333,70.79646017699115,4069.5652173913045,2170.130685828481,2707.121786767805,3532.875971173199
New Caledonia,Australia/Oceania,285769.0,22,656.0,113.0,80.0,22.0,936.0,0.0,27.5,77.0,29.0,11099.0,38839.0,Europe,513.6363636363636,100.0,7.698525732322261e-05,395.4242762510979,76.98525732322261,2981.8181818181815,70.79646017699115,4254.545454545455,2419.2853047944213,2336.2831858407085,3814.5357747842218
Laos,Asia,7285750.0,20,656.0,113.0,80.0,19.0,936.0,1.0,27.5,3.0,29.0,29374.0,4032.0,WesternPacific,565.0,95.0,2.7450845829187114e-06,15.509727893490718,2.7450845829187114,3279.9999999999995,70.79646017699115,4926.315789473684,2684.1300252913156,2336.2831858407085,4227.611943466798
Dominica,North America,72004.0,18,656.0,113.0,80.0,18.0,936.0,0.0,27.5,250.0,29.0,1005.0,13958.0,Americas,627.7777777777777,100.0,0.00024998611188267316,1569.3572579301149,249.98611188267316,3644.4444444444443,70.79646017699115,5200.0,2902.4607984607983,1203.53982300885,4492.918065915778
Saint Kitts and Nevis,North America,53237.0,17,656.0,113.0,80.0,16.0,936.0,1.0,27.5,319.0,29.0,1146.0,21526.0,Americas,664.7058823529412,94.11764705882352,0.00031932678400360654,2122.583917200443,319.3267840036065,3858.8235294117644,70.79646017699115,5850.0,3106.6313555725314,70.79646017699115,4585.775208772921
Greenland,North America,56780.0,14,656.0,113.0,80.0,14.0,936.0,0.0,27.5,247.0,29.0,5977.0,105266.0,Europe,807.1428571428571,100.0,0.0002465656921451215,1990.137372314195,246.56569214512152,4685.714285714285,70.79646017699115,6685.714285714286,3401.1619678174293,70.79646017699115,4983.73439244639
Montserrat,North America,4992.0,13,656.0,1.0,80.0,10.0,936.0,2.0,27.5,2604.0,200.0,61.0,12220.0,Europe,7.6923076923076925,76.92307692307693,0.0026041666666666665,200.32051282051282,2604.1666666666665,5046.153846153846,8000.0,9360.0,3747.1839458394074,1203.53982300885,5763.734392446391
Caribbean Netherlands,North America,26247.0,13,656.0,113.0,80.0,7.0,936.0,6.0,27.5,495.0,29.0,424.0,16154.0,Europe,869.2307692307692,53.84615384615385,0.0004952947003467063,4305.2539337829085,495.2947003467063,5046.153846153846,70.79646017699115,13371.428571428572,4077.586876242338,1203.53982300885,7092.572014451715
Falkland Islands,South America,3489.0,13,656.0,113.0,80.0,13.0,936.0,0.0,27.5,3726.0,29.0,1816.0,520493.0,Europe,869.2307692307692,100.0,0.003725995987388937,32387.503582688452,3725.995987388937,5046.153846153846,70.79646017699115,7200.0,4372.491971147433,1203.53982300885,7513.351235230935
Vatican City,Europe,801.0,12,656.0,113.0,80.0,12.0,936.0,0.0,27.5,14981.0,29.0,135702.0,32585.0,Europe,941.6666666666666,100.0,0.0149812734082397,141073.6579275905,14981.2734082397,5466.666666666666,70.79646017699115,7800.0,4684.8729235283845,1203.53982300885,7923.877551020408
Western Sahara,Africa,598682.0,10,656.0,1.0,80.0,8.0,936.0,1.0,27.5,17.0,2.0,135702.0,32585.0,Africa,10.0,80.0,1.6703358377235327e-05,1.670335837723533,16.703358377235325,6559.999999999999,8000.0,11700.0,5101.380860036321,2336.283185840708,8852.448979591836
